{"nodes":{"node:1":{"location":{"x":-523,"y":-228}},"node:10":{"location":{"x":17,"y":-131}},"node:12":{"location":{"x":-95,"y":-243}},"node:4":{"location":{"x":4,"y":44}},"node:6":{"location":{"x":-398,"y":-4}}},"selection":null,"view":{"scroll":{"x":-413.400726318359375,"y":-257.78277587890625},"visible_rect":{"max":{"x":274.070556640625,"y":243.64154052734375},"min":{"x":-537.9931640625,"y":-335.47442626953125}},"zoom":0.768412590026855469}}