{"nodes":null,"selection":null,"view":{"scroll":{"x":-692.5887451171875,"y":-396.811676025390625},"visible_rect":{"max":{"x":321.609100341796875,"y":243.64154052734375},"min":{"x":-585.53167724609375,"y":-335.47442626953125}},"zoom":1.18283736705780029}}